{"cameraMode":{"drawMode":0,"name":"Shaded","section":"Shading Mode"},"sceneLighting":true,"audioPlay":false,"sceneViewState":{"m_AlwaysRefresh":false,"showFog":true,"showSkybox":true,"showFlares":true,"showImageEffects":true,"showParticleSystems":true,"showVisualEffectGraphs":true,"m_FxEnabled":true},"in2DMode":false,"pivot":{"x":-1.1636186838150025,"y":-0.012212753295898438,"z":7.652229309082031},"rotation":{"x":0.44107064604759219,"y":-0.03714032098650932,"z":0.018275776877999307,"w":0.8965245485305786},"size":12.002092361450196,"orthographic":false}