{"cameraMode":{"drawMode":0,"name":"Shaded","section":"Shading Mode"},"sceneLighting":false,"audioPlay":false,"sceneViewState":{"m_AlwaysRefresh":false,"showFog":true,"showSkybox":false,"showFlares":true,"showImageEffects":true,"showParticleSystems":true,"showVisualEffectGraphs":true,"m_FxEnabled":true},"in2DMode":false,"pivot":{"x":2.980232238769531e-7,"y":0.2499999701976776,"z":3.5762786865234377e-7},"rotation":{"x":0.44107064604759219,"y":-0.03714032098650932,"z":0.018275776877999307,"w":0.8965245485305786},"size":2.6096136569976808,"orthographic":false}